{
    "config": {
        "data_path": "data/pan13",
        "limit": 30,
        "seed": 42,
        "train_ratio": 0.7,
        "bootstrap_samples": 500
    },
    "dataset_size": 162,
    "train_size": 113,
    "test_size": 49,
    "execution_time_sec": 125.58906316757202,
    "negative_sampling_note": "Negative examples are sampled from suspicious-source combinations not linked in the PAN pairs file. This improves label quality, but the resulting subset may still be easier than a full-benchmark evaluation.",
    "evaluation_note": "Metrics are reported on a held-out test split with bootstrap confidence intervals. Given the modest test size, results should be interpreted as indicative rather than definitive.",
    "tfidf": {
        "validation": {
            "precision": 0.8,
            "recall": 0.8666666666666667,
            "f1": 0.832,
            "accuracy": 0.8141592920353983,
            "threshold": 0.12,
            "tp": 52,
            "fp": 13,
            "fn": 8,
            "tn": 40,
            "count": 113
        },
        "test": {
            "precision": 0.6896551724137931,
            "recall": 0.9523809523809523,
            "f1": 0.7999999999999999,
            "accuracy": 0.7959183673469388,
            "threshold": 0.12,
            "tp": 20,
            "fp": 9,
            "fn": 1,
            "tn": 19,
            "count": 49,
            "confidence_interval": {
                "precision": {
                    "low": 0.5172413793103449,
                    "high": 0.8484848484848485
                },
                "recall": {
                    "low": 0.8333333333333334,
                    "high": 1.0
                },
                "f1": {
                    "low": 0.6382978723404256,
                    "high": 0.90625
                },
                "accuracy": {
                    "low": 0.673469387755102,
                    "high": 0.8979591836734694
                }
            }
        }
    },
    "sbert": {
        "validation": {
            "precision": 0.864406779661017,
            "recall": 0.85,
            "f1": 0.8571428571428572,
            "accuracy": 0.8495575221238938,
            "threshold": 0.14,
            "tp": 51,
            "fp": 8,
            "fn": 9,
            "tn": 45,
            "count": 113
        },
        "test": {
            "precision": 0.7619047619047619,
            "recall": 0.7619047619047619,
            "f1": 0.7619047619047619,
            "accuracy": 0.7959183673469388,
            "threshold": 0.14,
            "tp": 16,
            "fp": 5,
            "fn": 5,
            "tn": 23,
            "count": 49,
            "confidence_interval": {
                "precision": {
                    "low": 0.5882352941176471,
                    "high": 0.9444444444444444
                },
                "recall": {
                    "low": 0.56,
                    "high": 0.9310344827586207
                },
                "f1": {
                    "low": 0.588235294117647,
                    "high": 0.875
                },
                "accuracy": {
                    "low": 0.673469387755102,
                    "high": 0.8979591836734694
                }
            }
        }
    },
    "hybrid": {
        "validation": {
            "precision": 0.9473684210526315,
            "recall": 0.9,
            "f1": 0.9230769230769231,
            "accuracy": 0.9203539823008849,
            "threshold": 0.09,
            "tp": 54,
            "fp": 3,
            "fn": 6,
            "tn": 50,
            "count": 113
        },
        "test": {
            "precision": 0.9090909090909091,
            "recall": 0.9523809523809523,
            "f1": 0.9302325581395349,
            "accuracy": 0.9387755102040817,
            "threshold": 0.09,
            "tp": 20,
            "fp": 2,
            "fn": 1,
            "tn": 26,
            "count": 49,
            "confidence_interval": {
                "precision": {
                    "low": 0.76,
                    "high": 1.0
                },
                "recall": {
                    "low": 0.8333333333333334,
                    "high": 1.0
                },
                "f1": {
                    "low": 0.8333333333333333,
                    "high": 1.0
                },
                "accuracy": {
                    "low": 0.8571428571428571,
                    "high": 1.0
                }
            }
        }
    },
    "learned_classifier": {
        "validation": {
            "precision": 0.9649122807017544,
            "recall": 0.9166666666666666,
            "f1": 0.9401709401709402,
            "accuracy": 0.9380530973451328,
            "threshold": 0.49,
            "tp": 55,
            "fp": 2,
            "fn": 5,
            "tn": 51,
            "count": 113
        },
        "test": {
            "precision": 0.9047619047619048,
            "recall": 0.9047619047619048,
            "f1": 0.9047619047619048,
            "accuracy": 0.9183673469387755,
            "threshold": 0.49,
            "tp": 19,
            "fp": 2,
            "fn": 2,
            "tn": 26,
            "count": 49,
            "confidence_interval": {
                "precision": {
                    "low": 0.75,
                    "high": 1.0
                },
                "recall": {
                    "low": 0.75,
                    "high": 1.0
                },
                "f1": {
                    "low": 0.7906976744186046,
                    "high": 0.9795918367346939
                },
                "accuracy": {
                    "low": 0.8367346938775511,
                    "high": 0.9795918367346939
                }
            }
        },
        "feature_weights": {
            "global_para": 2.2892653506780536,
            "global_sem": 2.09718854997592,
            "local_signal": 0.17411746491517927,
            "peak_local": 0.20838618623394714,
            "mean_top_local": 0.22259067337840788,
            "coverage": 0.109088882120253,
            "exact_ratio": 4.224706413503976e-05,
            "match_count": 0.11335419207466124,
            "total_source_sentences": -0.32534674904856636
        }
    },
    "ablations": {
        "local_only": {
            "validation": {
                "precision": 0.5309734513274337,
                "recall": 1.0,
                "f1": 0.6936416184971099,
                "accuracy": 0.5309734513274337,
                "threshold": 0.0,
                "tp": 60,
                "fp": 53,
                "fn": 0,
                "tn": 0,
                "count": 113
            },
            "test": {
                "precision": 0.42857142857142855,
                "recall": 1.0,
                "f1": 0.6,
                "accuracy": 0.42857142857142855,
                "threshold": 0.0,
                "tp": 21,
                "fp": 28,
                "fn": 0,
                "tn": 0,
                "count": 49,
                "confidence_interval": {
                    "precision": {
                        "low": 0.2857142857142857,
                        "high": 0.5510204081632653
                    },
                    "recall": {
                        "low": 1.0,
                        "high": 1.0
                    },
                    "f1": {
                        "low": 0.4444444444444445,
                        "high": 0.7272727272727273
                    },
                    "accuracy": {
                        "low": 0.2857142857142857,
                        "high": 0.5714285714285714
                    }
                }
            }
        },
        "minus_local_signal": {
            "validation": {
                "precision": 0.9473684210526315,
                "recall": 0.9,
                "f1": 0.9230769230769231,
                "accuracy": 0.9203539823008849,
                "threshold": 0.09,
                "tp": 54,