{
    "precision": 0.5272727272727272,
    "recall": 0.9666666666666667,
    "f1": 0.6823529411764705,
    "accuracy": 0.55,
    "dataset_size": 60,
    "execution_time_sec": 25.330171585083008
}